date,is_weekend,bank_holiday_flag,dayofweek,month,dayofyear,staffing_level_fte,channel_mix_index,backlog_days,media_mentions,forecast_recovered_complaints
2026-01-01,0,1,3,1,1,45.705191252317775,49.403135371502614,11.589086041594616,1.9669736260241137,112.39455496782267
2026-01-02,0,0,4,1,2,45.85790298186149,45.106788866234105,11.552136198429613,1.759268535841316,108.64831886285342
2026-01-03,1,0,5,1,3,46.803719056559075,43.061732974232825,12.452136343843641,1.69396772805925,114.52992869663652
2026-01-04,1,0,6,1,4,47.14696718726367,42.954601065393945,12.257969866168189,1.8729534356354531,110.75575257315523
2026-01-05,0,0,0,1,5,45.576783370885806,43.25672927244876,12.627790949137925,1.8897027779510776,122.39575789140144
2026-01-06,0,0,1,1,6,44.776691420765744,42.372588061795106,12.060157962064858,1.845142382049353,115.29573256531933
2026-01-07,0,0,2,1,7,44.60380094303925,41.14543359944543,11.713723594567302,1.9467221493871318,104.00854519431334
2026-01-08,0,0,3,1,8,45.47956149828614,42.46573632129658,11.59742313113371,1.7967713407662163,109.42632847673117
2026-01-09,0,0,4,1,9,45.79218327997775,40.091022220403374,11.443972037632374,1.7865430439418912,94.91291253956084
2026-01-10,1,0,5,1,10,46.77952773299305,44.74727814802848,12.144326826889891,1.7040647667737556,104.89364130111286
2026-01-11,1,0,6,1,11,47.17255420403838,43.332277628429445,11.672183225827203,1.758402708930545,111.57212641673493
2026-01-12,0,0,0,1,12,45.48181284984686,45.88701891463455,12.346860396952788,1.8361846116162006,117.29421481439323
2026-01-13,0,0,1,1,13,44.570971708227304,48.7151284068356,11.856868205249118,1.8754000101494936,109.95883562037048
2026-01-14,0,0,2,1,14,44.75385536031193,53.040058859368024,11.724221373224303,1.7792177594860037,104.78034501876348
2026-01-15,0,0,3,1,15,45.436570284620856,49.78451900485613,11.302058060542493,1.741976257385259,101.26375419170938
2026-01-16,0,0,4,1,16,45.85067816869766,53.66277632262485,11.164272639874497,1.7828552846739707,107.39289674062398
2026-01-17,1,0,5,1,17,46.71352550217342,53.429100135553135,11.851564478588461,1.7029675912686,107.80998966626709
2026-01-18,1,0,6,1,18,47.207265201790264,54.86574662448901,11.708384853324894,1.705177980914058,106.04491979832724
2026-01-19,0,0,0,1,19,45.216215216126564,55.764268137614515,12.007532702231265,1.782048961989589,117.73106626723649
2026-01-20,0,0,1,1,20,44.70701323101229,55.69787427281264,11.698805958616088,1.7660246103609922,110.77609104610147
2026-01-21,0,0,2,1,21,44.69567782743143,56.52957788956196,11.382635173283697,1.7253132837583733,104.72634114482183
2026-01-22,0,0,3,1,22,45.34751413922452,55.67268548947547,11.218492095880588,1.7403275900703192,102.19288931315111
2026-01-23,0,0,4,1,23,45.7719047736596,57.876985028563496,11.037586985911165,1.7491732994214677,98.58848061781751
2026-01-24,1,0,5,1,24,46.65210221241567,56.11786244560713,11.725911063878197,1.6944475757483355,104.75202983434329
2026-01-25,1,0,6,1,25,47.17936152799813,55.92905248892009,11.359072067348691,1.6257752293995145,106.04997830292827
2026-01-26,0,0,0,1,26,45.134969853922726,54.281923605985725,11.930353978187988,1.7768362152844852,112.47028702060084
2026-01-27,0,0,1,1,27,44.570624051478156,52.88432991419309,11.541105175864942,1.7371827078653301,110.84233170712628
2026-01-28,0,0,2,1,28,44.74232006491409,51.49423593069052,11.308204056098308,1.7257168228049553,103.94188313573919
2026-01-29,0,0,3,1,29,45.279638063434106,51.28876548909625,11.065063131591621,1.7354780408764585,101.15613093324204
2026-01-30,0,0,4,1,30,45.74875847890195,48.355873207448944,10.864217121532338,1.7134753267753033,98.41432762919781
2026-01-31,1,0,5,1,31,46.58280779370719,47.03404889655536,11.517684821174239,1.6554332136483054,104.81018422391624
2026-02-01,1,0,6,2,32,47.190460208423815,45.325246261436035,11.460129971722893,1.7423431062658112,101.99339283626594
2026-02-02,0,0,0,2,33,45.04201068745597,45.1763871545001,11.805470342942595,1.8436496451094855,111.9085026879302
2026-02-03,0,0,1,2,34,44.606362937913914,44.56820634402641,11.560159257884541,1.831789505970091,106.89916429826997
2026-02-04,0,0,2,2,35,44.76368217561985,43.670148427613455,11.338201297038854,1.8222782972584732,102.12385319767813
2026-02-05,0,0,3,2,36,45.265412808163724,43.52580519080295,11.144115258720287,1.8038461876420686,100.02279875185518
2026-02-06,0,0,4,2,37,45.7501606912722,42.512722392592806,10.949760632683184,1.7901771236890813,95.358660509298
2026-02-07,1,0,5,2,38,46.58296361243763,43.770034782642696,11.612238546018169,1.7330826341740153,102.5247304379115
2026-02-08,1,0,6,2,39,47.17999734254339,43.73168501904746,11.379265179311243,1.7175527738733884,100.59355644764565
2026-02-09,0,0,0,2,40,44.99118586505668,45.23770708023561,11.75607829465455,1.8175961556957292,109.59206924114389
2026-02-10,0,0,1,2,41,44.564730818673716,46.617339379952554,11.511365292521184,1.805637263793343,104.96004815467478
2026-02-11,0,0,2,2,42,44.76256663271559,48.604338054685215,11.303716860987748,1.7882319711168637,101.13453178084089
2026-02-12,0,0,3,2,43,45.23522553948902,48.36421733337329,11.081223153543572,1.7720284882885426,97.90345948096041
2026-02-13,0,0,4,2,44,45.729216886441,50.55732154329867,10.875381688052432,1.7584881331848667,95.94859216769997
2026-02-14,1,0,5,2,45,46.54890906821967,51.17665835782149,11.521995799984756,1.6997543991206812,102.14561115130704
2026-02-15,1,0,6,2,46,47.156924685214776,52.50352721506171,11.324368746712867,1.6819656240899414,99.15249859450297
2026-02-16,0,0,0,2,47,44.92952473061741,53.762717080360716,11.66075888935626,1.7831777131878122,109.09035080277233
2026-02-17,0,0,1,2,48,44.53725976676811,54.26254905045291,11.436764889913643,1.7689433479884022,104.41737914580446
2026-02-18,0,0,2,2,49,44.73936676204174,54.75131332826294,11.218971041250636,1.753102958929437,100.65758654759604
2026-02-19,0,0,3,2,50,45.19809074795725,55.0630172791071,11.010958326627225,1.7388791039557736,97.68935182414367
2026-02-20,0,0,4,2,51,45.69415491597255,55.80793716174273,10.80303423813648,1.7242872498827746,94.43558388092251
2026-02-21,1,0,5,2,52,46.51122125743836,55.22873052235548,11.450827419288212,1.6662027987400836,101.21563839324668
2026-02-22,1,0,6,2,53,47.12094139597113,55.015335214890584,11.225254390803643,1.6494421623240627,98.55157918100016
2026-02-23,0,0,0,2,54,44.875681182630544,54.629557845126655,11.575598704423705,1.7525917460387275,107.75179705702196
2026-02-24,0,0,1,2,55,44.48687336639321,53.791134026871994,11.34822430443031,1.7379471194467488,103.65085095186392
2026-02-25,0,0,2,2,56,44.70461846855085,52.67244417820035,11.13511765512469,1.7230778160577347,99.77046774226304
2026-02-26,0,0,3,2,57,45.15236168047653,52.23419392351541,10.920217852654652,1.70865460016851,96.61279379369127
2026-02-27,0,0,4,2,58,45.65003862990466,50.47029793612893,10.708659508947921,1.6933654818288935,93.5150599875423
2026-02-28,1,0,5,2,59,46.4620226474336,49.33701979965865,11.351480423395623,1.6352538480048735,100.26102961438869
2026-03-01,1,0,6,3,60,47.11579141951633,47.47238965620597,11.302815834535176,1.7179163131651198,97.5448175849179
2026-03-02,0,0,0,3,61,44.865187104062585,47.00943884539926,11.649615490869426,1.822276792091211,107.21416833877875
2026-03-03,0,0,1,3,62,44.49014246409863,46.2836004348609,11.443249851519596,1.8100551402869995,102.76826866397386
2026-03-04,0,0,2,3,63,44.71672595890948,45.52208729035687,11.242928695293074,1.7968339675024585,99.18389441747715
2026-03-05,0,0,3,3,64,45.16225758524368,44.85632726438642,11.045920681688283,1.78333583149925,96.15503842455624
2026-03-06,0,0,4,3,65,45.66396141338812,44.18765757444375,10.850187428819464,1.7700243146076455,92.83828159493828
2026-03-07,1,0,5,3,66,46.47820747961756,44.233406599703684,11.510728046030767,1.7136762660754545,99.80357622737495
2026-03-08,1,0,6,3,67,47.10580352138596,44.31877432525152,11.308970728412547,1.6952000000530942,96.76681426321773
2026-03-09,0,0,0,3,68,44.844173938682175,45.25621168951433,11.654344222895954,1.7969457011332042,106.33101849570167
2026-03-10,0,0,1,3,69,44.47057095837012,45.94186228773973,11.442554442601706,1.7830545802515037,102.00354293065635
2026-03-11,0,0,2,3,70,44.70257968733968,46.92870004751846,11.236441037635789,1.767908680543437,98.5940930391138
2026-03-12,0,0,3,3,71,45.14406263549901,47.30465562818966,11.028936313567606,1.752751836911482,95.43543735812611
2026-03-13,0,0,4,3,72,45.64510638466102,48.61778462436818,10.821849759264255,1.7376503036486393,92.51567266968253
2026-03-14,1,0,5,3,73,46.45652997463772,49.35276368350683,11.46869574257174,1.6793974846188704,99.39002267426353
2026-03-15,1,0,6,3,74,47.083271082588695,50.50270655270058,11.272664246979957,1.661343488586907,96.279125564017
2026-03-16,0,0,0,3,75,44.81565572305592,51.85760172970819,11.61251754351804,1.7630397419771293,106.02669544120289
2026-03-17,0,0,1,3,76,44.444701609209815,52.58494896780525,11.400569658041118,1.7489688663883851,101.71790700814239
2026-03-18,0,0,2,3,77,44.67965737416658,53.15873361848381,11.192260479458234,1.7337975923978615,98.35707466423398
2026-03-19,0,0,3,3,78,45.11928910989234,53.76494038514647,10.984608921956927,1.7186643858318125,95.27991009290511
2026-03-20,0,0,4,3,79,45.62022922072766,54.278883399608254,10.77707723606693,1.7035148119599859,92.19046098403385
2026-03-21,1,0,5,3,80,46.43091564953215,54.24590056176807,11.424640358584583,1.6452962861202478,99.12742330258907
2026-03-22,1,0,6,3,81,47.05307805124043,54.17930047699896,11.211351876238673,1.6299476367030048,95.98704706357276
2026-03-23,0,0,0,3,82,44.78028139271585,54.338922701294365,11.550038828759899,1.731832144207252,105.59820187554094
2026-03-24,0,0,1,3,83,44.40898776970796,53.93335963254279,11.335864755870752,1.717849490654397,101.31367814871317
2026-03-25,0,0,2,3,84,44.64561890824582,53.26709166827901,11.125558105294727,1.7028044019195336,97.88974800853751
2026-03-26,0,0,3,3,85,45.08337953609441,52.78236888295843,10.914851872472322,1.687760700414825,94.71407426359082
2026-03-27,0,0,4,3,86,45.5833290407667,51.70714620500321,10.70413550284779,1.67269559131477,91.57759527954254
2026-03-28,1,0,5,3,87,46.39233236369742,50.759088239440764,11.348004186520331,1.6145798088789336,98.43937807315832
2026-03-29,1,0,6,3,88,47.014485774127934,49.59095812967557,11.14190022142013,1.601691037103044,95.21589423868193
2026-03-30,0,0,0,3,89,44.73888823059619,49.19409855774261,11.479217203359534,1.7036736236164787,104.83636297594954
2026-03-31,0,0,1,3,90,44.367768983940486,48.467839605954175,11.265489233467385,1.689803698349547,100.469004739459
